{"web":{"client_id":                    "933649845826-mij3qikmepmcsb648sbnnmvsugon101g.apps.googleusercontent.com",
        "project_id":                   "a6-loyami",
        "auth_uri":                     "https://accounts.google.com/o/oauth2/auth",
        "token_uri":                    "https://oauth2.googleapis.com/token",
        "auth_provider_x509_cert_url":  "https://www.googleapis.com/oauth2/v1/certs",
        "client_secret":                "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",
        "redirect_uris":                "https://a6-loyami.uw.r.appspot.com/oauth"
}}